REG1,FEB-2013,NORTHERN,DELHI,CENTRAL,THERMAL,COAL,NTPC Ltd.,BADARPUR TPS,705,402,289.88
REG1,FEB-2013,NORTHERN,DELHI,STATE,THERMAL,GAS,IPGPCL,I.P.CCPP,270,114,79.23
REG1,FEB-2013,NORTHERN,DELHI,STATE,THERMAL,GAS,IPGPCL,PRAGATI CCGT-III,1000,205,145.29
REG1,FEB-2013,NORTHERN,DELHI,STATE,THERMAL,GAS,IPGPCL,PRAGATI CCPP,330.4,173,202.01
REG1,FEB-2013,NORTHERN,DELHI,STATE,THERMAL,COAL,IPGPCL,RAJGHAT TPS,135,0,72.53
REG1,FEB-2013,NORTHERN,DELHI,PRIVATE IPP,THERMAL,GAS,NDPL,RITHALA CCPP,108,24,1.53
REG1,FEB-2013,NORTHERN,HARYANA,CENTRAL,THERMAL,GAS,NTPC Ltd.,FARIDABAD CCPP,431.59,202,42.98
REG1,FEB-2013,NORTHERN,HARYANA,CENTRAL,THERMAL,COAL,APCPL,INDIRA GANDHI STPP,1500,349,294.02
REG1,FEB-2013,NORTHERN,HARYANA,PRIVATE IPP,THERMAL,COAL,JhPL(HR),MAHATMA GANDHI TPS,1320,213,341.58
REG1,FEB-2013,NORTHERN,HARYANA,STATE,THERMAL,COAL,HPGCL,PANIPAT TPS,1360,810,367.17
REG1,FEB-2013,NORTHERN,HARYANA,STATE,THERMAL,COAL,HPGCL,RAJIV GANDHI TPS,1200,359,184.77
REG1,FEB-2013,NORTHERN,HARYANA,STATE,THERMAL,COAL,HPGCL,YAMUNA NAGAR TPS,600,353,269.77
REG1,FEB-2013,NORTHERN,HIMACHAL PRADESH,PRIVATE IPP,HYDRO,HYDRO,ADHPL,ALLAIN DUHANGAN  HPS,192,23,7.99
REG1,FEB-2013,NORTHERN,HIMACHAL PRADESH,CENTRAL,HYDRO,HYDRO,NHPC,BAIRA SIUL  HPS,198,30,26.7
REG1,FEB-2013,NORTHERN,HIMACHAL PRADESH,PRIVATE IPP,HYDRO,HYDRO,JHPL,BASPA  HPS,300,38,25.86
REG1,FEB-2013,NORTHERN,HIMACHAL PRADESH,STATE,HYDRO,HYDRO,HPSEB,BASSI  HPS,60,10,9.27
REG1,FEB-2013,NORTHERN,HIMACHAL PRADESH,PRIVATE IPP,HYDRO,HYDRO,LGPPL,BUDHIL HPS,70,8,0
REG1,FEB-2013,NORTHERN,HIMACHAL PRADESH,CENTRAL,HYDRO,HYDRO,NHPC,CHAMERA- I  HPS,540,58,69.2
REG1,FEB-2013,NORTHERN,HIMACHAL PRADESH,CENTRAL,HYDRO,HYDRO,NHPC,CHAMERA- II  HPS,300,56,38.3
REG1,FEB-2013,NORTHERN,HIMACHAL PRADESH,CENTRAL,HYDRO,HYDRO,NHPC,CHAMERA-III HPS,231,25,20.9
REG1,FEB-2013,NORTHERN,HIMACHAL PRADESH,STATE,HYDRO,HYDRO,HPSEB,GIRI BATA HPS,60,5,25.27
REG1,FEB-2013,NORTHERN,HIMACHAL PRADESH,PRIVATE IPP,HYDRO,HYDRO,JKHPCL,KARCHAM WANGTOO HPS,1000,107,65.37
REG1,FEB-2013,NORTHERN,HIMACHAL PRADESH,STATE,HYDRO,HYDRO,HPSEB,LARJI  HPS,126,14,22.7
REG1,FEB-2013,NORTHERN,HIMACHAL PRADESH,PRIVATE IPP,HYDRO,HYDRO,MPCL,MALANA  HPS,86,5,5.54
REG1,FEB-2013,NORTHERN,HIMACHAL PRADESH,PRIVATE IPP,HYDRO,HYDRO,E.P.P.L.,MALANA-II  HPS,100,7,3.51
REG1,FEB-2013,NORTHERN,HIMACHAL PRADESH,CENTRAL,HYDRO,HYDRO,SJVNL,NATHPA JHAKRI HPS,1500,149,173.28
REG1,FEB-2013,NORTHERN,HIMACHAL PRADESH,CENTRAL,HYDRO,HYDRO,NHPC,PARBATI-III HPS,0,22,0
REG1,FEB-2013,NORTHERN,HIMACHAL PRADESH,CENTRAL,HYDRO,HYDRO,SJVNL,RAMPUR HPS,0,0,0
REG1,FEB-2013,NORTHERN,HIMACHAL PRADESH,STATE,HYDRO,HYDRO,HPSEB,SANJAY  HPS,120,15,11.56
REG1,FEB-2013,NORTHERN,HIMACHAL PRADESH,PRIVATE IPP,HYDRO,HYDRO,HSPCL,SORANG HPS,0,0,0
REG1,FEB-2013,NORTHERN,HIMACHAL PRADESH,STATE,HYDRO,HYDRO,HPSEB,UHL-III HPS,0,14,0
REG1,FEB-2013,NORTHERN,JAMMU AND KASHMIR,STATE,THERMAL,HIGH SPEED DIESEL,JK - PDD,PAMPORE GPS (Liq.),175,0,0
REG1,FEB-2013,NORTHERN,JAMMU AND KASHMIR,STATE,HYDRO,HYDRO,JK - PDD,BAGLIHAR  HPS,450,121,100.18
REG1,FEB-2013,NORTHERN,JAMMU AND KASHMIR,CENTRAL,HYDRO,HYDRO,NHPC,CHUTAK HPS,44,8,3.2
REG1,FEB-2013,NORTHERN,JAMMU AND KASHMIR,CENTRAL,HYDRO,HYDRO,NHPC,DULHASTI  HPS,390,56,0
REG1,FEB-2013,NORTHERN,JAMMU AND KASHMIR,STATE,HYDRO,HYDRO,JK - PDD,LOWER JHELUM  HPS,105,20,39.1
REG1,FEB-2013,NORTHERN,JAMMU AND KASHMIR,CENTRAL,HYDRO,HYDRO,NHPC,NIMBOO BAZDO HPS,0,10,0
REG1,FEB-2013,NORTHERN,JAMMU AND KASHMIR,CENTRAL,HYDRO,HYDRO,NHPC,SALAL  HPS,690,69,139.8
REG1,FEB-2013,NORTHERN,JAMMU AND KASHMIR,CENTRAL,HYDRO,HYDRO,NHPC,SEWA-II  HPS,120,23,50.9
REG1,FEB-2013,NORTHERN,JAMMU AND KASHMIR,STATE,HYDRO,HYDRO,JK - PDD,UPPER SINDH-II HPS,105,9,9.2
REG1,FEB-2013,NORTHERN,JAMMU AND KASHMIR,CENTRAL,HYDRO,HYDRO,NHPC,URI-I HPS,480,133,180.3
REG1,FEB-2013,NORTHERN,JAMMU AND KASHMIR,CENTRAL,HYDRO,HYDRO,NHPC,URI-II HPS,0,80,0
REG1,FEB-2013,NORTHERN,PUNJAB,STATE,THERMAL,COAL,PSPCL,GH TPS (LEH.MOH.),920,555,378.67
REG1,FEB-2013,NORTHERN,PUNJAB,STATE,THERMAL,COAL,PSPCL,GND TPS(BHATINDA),440,233,89.15
REG1,FEB-2013,NORTHERN,PUNJAB,PRIVATE IPP,THERMAL,COAL,GVKP&IL,GOINDWAL SAHIB,0,0,0
REG1,FEB-2013,NORTHERN,PUNJAB,STATE,THERMAL,COAL,PSPCL,ROPAR TPS,1260,750,477.39
REG1,FEB-2013,NORTHERN,PUNJAB,STATE,HYDRO,HYDRO,PSPCL,ANANDPUR SAHIB HPS,134,50,16.08
REG1,FEB-2013,NORTHERN,PUNJAB,CENTRAL,HYDRO,HYDRO,BBMB,BHAKRA H  P S,1325,296,244.72
REG1,FEB-2013,NORTHERN,PUNJAB,CENTRAL,HYDRO,HYDRO,BBMB,DEHAR H P S,990,86,125.33
REG1,FEB-2013,NORTHERN,PUNJAB,CENTRAL,HYDRO,HYDRO,BBMB,GANGUWAL  HPS,77.65,44,41.25
REG1,FEB-2013,NORTHERN,PUNJAB,CENTRAL,HYDRO,HYDRO,BBMB,KOTLA  HPS,77.65,39,40.79
REG1,FEB-2013,NORTHERN,PUNJAB,STATE,HYDRO,HYDRO,PSPCL,MUKERIAN  HPS,207,77,108.25
REG1,FEB-2013,NORTHERN,PUNJAB,CENTRAL,HYDRO,HYDRO,BBMB,PONG H P S,396,67,120.77
REG1,FEB-2013,NORTHERN,PUNJAB,STATE,HYDRO,HYDRO,PSPCL,RANJIT SAGAR  HPS,600,72,93.7
REG1,FEB-2013,NORTHERN,PUNJAB,STATE,HYDRO,HYDRO,PSPCL,SHANAN  HPS,110,13,15.88
REG1,FEB-2013,NORTHERN,RAJASTHAN,CENTRAL,THERMAL,GAS,NTPC Ltd.,ANTA CCPP,419.33,202,116.48
REG1,FEB-2013,NORTHERN,RAJASTHAN,CENTRAL,THERMAL,LIGNITE,NLC,BARSINGSAR LIGNITE,250,94,134.86
REG1,FEB-2013,NORTHERN,RAJASTHAN,STATE,THERMAL,COAL,RRVUNL,CHHABRA TPP,500,313,243.11
REG1,FEB-2013,NORTHERN,RAJASTHAN,STATE,THERMAL,GAS,RRVUNL,DHOLPUR CCPP,330,120,79.25
REG1,FEB-2013,NORTHERN,RAJASTHAN,STATE,THERMAL,LIGNITE,RRVUNL,GIRAL TPS,250,42,33.62
REG1,FEB-2013,NORTHERN,RAJASTHAN,PRIVATE IPP,THERMAL,LIGNITE,RWPL (JSW),JALIPA KAPURDI TPP,675,195,360.68
REG1,FEB-2013,NORTHERN,RAJASTHAN,STATE,THERMAL,COAL,RRVUNL,KALISINDH TPS,0,158,0
REG1,FEB-2013,NORTHERN,RAJASTHAN,PRIVATE IPP,THERMAL,COAL,APL,KAWAI TPS,0,0,0
REG1,FEB-2013,NORTHERN,RAJASTHAN,STATE,THERMAL,COAL,RRVUNL,KOTA TPS,1240,790,787.33
REG1,FEB-2013,NORTHERN,RAJASTHAN,STATE,THERMAL,GAS,RRVUNL,RAMGARH CCPP,113.8,33,25.51
REG1,FEB-2013,NORTHERN,RAJASTHAN,STATE,THERMAL,COAL,RRVUNL,SURATGARH TPS,1500,897,690.76
REG1,FEB-2013,NORTHERN,RAJASTHAN,CENTRAL,NUCLEAR,NUCLEAR,NPC,RAJASTHAN  A.P.S.,1180,653,775.15
REG1,FEB-2013,NORTHERN,RAJASTHAN,STATE,HYDRO,HYDRO,RRVUNL,JAWAHAR SAGAR  HPS,99,15,35.8
REG1,FEB-2013,NORTHERN,RAJASTHAN,STATE,HYDRO,HYDRO,RRVUNL,MAHI BAJAJ  HPS,140,21,22.88
REG1,FEB-2013,NORTHERN,RAJASTHAN,STATE,HYDRO,HYDRO,RRVUNL,R P SAGAR  HPS,172,23,53.44
REG1,FEB-2013,NORTHERN,UTTAR PRADESH,PRIVATE IPP,THERMAL,COAL,LAPPL,ANPARA C TPS,1200,234,231.27
REG1,FEB-2013,NORTHERN,UTTAR PRADESH,STATE,THERMAL,COAL,UPRVUNL,ANPARA TPS,1630,979,843.12
REG1,FEB-2013,NORTHERN,UTTAR PRADESH,CENTRAL,THERMAL,GAS,NTPC Ltd.,AURAIYA CCPP,663.36,220,175.28
REG1,FEB-2013,NORTHERN,UTTAR PRADESH,PRIVATE IPP,THERMAL,COAL,BEPL,BARKHERA TPS,90,27,39.06
REG1,FEB-2013,NORTHERN,UTTAR PRADESH,CENTRAL,THERMAL,COAL,NTPC Ltd.,DADRI (NCTPP),1820,1004,1049.33
REG1,FEB-2013,NORTHERN,UTTAR PRADESH,CENTRAL,THERMAL,GAS,NTPC Ltd.,DADRI CCPP,829.78,385,233
REG1,FEB-2013,NORTHERN,UTTAR PRADESH,STATE,THERMAL,COAL,UPRVUNL,HARDUAGANJ TPS,665,209,153.03
REG1,FEB-2013,NORTHERN,UTTAR PRADESH,PRIVATE IPP,THERMAL,COAL,BEPL,KHAMBARKHERA TPS,90,44,47.35
REG1,FEB-2013,NORTHERN,UTTAR PRADESH,PRIVATE IPP,THERMAL,COAL,BEPL,KUNDARKI TPS,90,22,53.21
REG1,FEB-2013,NORTHERN,UTTAR PRADESH,PRIVATE IPP,THERMAL,COAL,BEPL,MAQSOODPUR TPS,90,32,53.37
REG1,FEB-2013,NORTHERN,UTTAR PRADESH,STATE,THERMAL,COAL,UPRVUNL,OBRA TPS,1278,295,307.12
REG1,FEB-2013,NORTHERN,UTTAR PRADESH,STATE,THERMAL,COAL,UPRVUNL,PANKI TPS,210,98,40.68
REG1,FEB-2013,NORTHERN,UTTAR PRADESH,STATE,THERMAL,COAL,UPRVUNL,PARICHHA TPS,890,427,401.58
REG1,FEB-2013,NORTHERN,UTTAR PRADESH,CENTRAL,THERMAL,COAL,NTPC Ltd.,RIHAND STPS,2500,1475,1475.53
REG1,FEB-2013,NORTHERN,UTTAR PRADESH,PRIVATE IPP,THERMAL,COAL,RPSCL,ROSA TPP Ph-I,1200,754,514.42
REG1,FEB-2013,NORTHERN,UTTAR PRADESH,CENTRAL,THERMAL,COAL,NTPC Ltd.,SINGRAULI STPS,2000,1291,1277.34
REG1,FEB-2013,NORTHERN,UTTAR PRADESH,CENTRAL,THERMAL,COAL,NTPC Ltd.,TANDA TPS,440,276,291.52
REG1,FEB-2013,NORTHERN,UTTAR PRADESH,CENTRAL,THERMAL,COAL,NTPC Ltd.,UNCHAHAR TPS,1050,660,615.27
REG1,FEB-2013,NORTHERN,UTTAR PRADESH,PRIVATE IPP,THERMAL,COAL,BEPL,UTRAULA TPS,90,22,52.78
REG1,FEB-2013,NORTHERN,UTTAR PRADESH,CENTRAL,NUCLEAR,NUCLEAR,NPC,NARORA  A.P.S.,440,235,204.98
REG1,FEB-2013,NORTHERN,UTTAR PRADESH,STATE,HYDRO,HYDRO,UPJVNL,KHARA  HPS,72,18,28.67
REG1,FEB-2013,NORTHERN,UTTAR PRADESH,STATE,HYDRO,HYDRO,UPJVNL,MATATILA  HPS,30.6,10,1.95
REG1,FEB-2013,NORTHERN,UTTAR PRADESH,STATE,HYDRO,HYDRO,UPJVNL,OBRA  HPS,99,7,21.81
REG1,FEB-2013,NORTHERN,UTTAR PRADESH,STATE,HYDRO,HYDRO,UPJVNL,RIHAND  HPS,300,26,53.18
REG1,FEB-2013,NORTHERN,UTTARAKHAND,STATE,HYDRO,HYDRO,UJVNL,CHIBRO (YAMUNA)  HPS,240,27,72.49
REG1,FEB-2013,NORTHERN,UTTARAKHAND,STATE,HYDRO,HYDRO,UJVNL,CHILLA  HPS,144,52,58.38
REG1,FEB-2013,NORTHERN,UTTARAKHAND,STATE,HYDRO,HYDRO,UJVNL,DHAKRANI  HPS,33.75,5,11.15
REG1,FEB-2013,NORTHERN,UTTARAKHAND,STATE,HYDRO,HYDRO,UJVNL,DHALIPUR  HPS,51,8,17.12
REG1,FEB-2013,NORTHERN,UTTARAKHAND,CENTRAL,HYDRO,HYDRO,NHPC,DHAULI GANGA  HPS,280,26,26.8
REG1,FEB-2013,NORTHERN,UTTARAKHAND,STATE,HYDRO,HYDRO,UJVNL,KHATIMA  HPS,41.4,9,7.94
REG1,FEB-2013,NORTHERN,UTTARAKHAND,STATE,HYDRO,HYDRO,UJVNL,KHODRI  HPS,120,13,32.7
REG1,FEB-2013,NORTHERN,UTTARAKHAND,CENTRAL,HYDRO,HYDRO,THDC,KOTESHWAR HPS,400,108,73.62
REG1,FEB-2013,NORTHERN,UTTARAKHAND,STATE,HYDRO,HYDRO,UJVNL,KULHAL  HPS,30,7,12.86
REG1,FEB-2013,NORTHERN,UTTARAKHAND,STATE,HYDRO,HYDRO,UJVNL,MANERI BHALI - I  HPS,90,24,25.18
REG1,FEB-2013,NORTHERN,UTTARAKHAND,STATE,HYDRO,HYDRO,UJVNL,MANERI BHALI - II  HPS,304,46,40.98
REG1,FEB-2013,NORTHERN,UTTARAKHAND,STATE,HYDRO,HYDRO,UJVNL,RAMGANGA  HPS,198,50,0
REG1,FEB-2013,NORTHERN,UTTARAKHAND,PRIVATE IPP,HYDRO,HYDRO,GVKP&IL,SHRINAGAR HPS,0,0,0
REG1,FEB-2013,NORTHERN,UTTARAKHAND,CENTRAL,HYDRO,HYDRO,NHPC,TANAKPUR  HPS,94.2,17,25.1
REG1,FEB-2013,NORTHERN,UTTARAKHAND,CENTRAL,HYDRO,HYDRO,THDC,TEHRI ST-1  HPS,1000,266,190.96
REG1,FEB-2013,NORTHERN,UTTARAKHAND,PRIVATE IPP,HYDRO,HYDRO,JPPVL,VISHNU PRAYAG  HPS,400,49,45.29
REG2,FEB-2013,WESTERN,CHHATTISGARH,PRIVATE IPP,THERMAL,COAL,WPCL,AKALTARA TPS,0,0,0
REG2,FEB-2013,WESTERN,CHHATTISGARH,PRIVATE IPP,THERMAL,COAL,KWPCL,AVANTHA BHANDAR,0,0,0
REG2,FEB-2013,WESTERN,CHHATTISGARH,PRIVATE IPP,THERMAL,COAL,BALCO,BALCO TPS,0,64,0
REG2,FEB-2013,WESTERN,CHHATTISGARH,PRIVATE IPP,THERMAL,COAL,DBPCL,BARADARHA,0,0,0
REG2,FEB-2013,WESTERN,CHHATTISGARH,CENTRAL,THERMAL,COAL,NSPCL,BHILAI TPS,500,310,320.96
REG2,FEB-2013,WESTERN,CHHATTISGARH,STATE,THERMAL,COAL,CSPGCL,DSPM TPS,500,281,221.08
REG2,FEB-2013,WESTERN,CHHATTISGARH,PRIVATE IPP,THERMAL,COAL,ACB,KASAIPALLI TPP,270,72,119.62
REG2,FEB-2013,WESTERN,CHHATTISGARH,PRIVATE IPP,THERMAL,COAL,VESPL,KATGHORA TPP,35,15,0
REG2,FEB-2013,WESTERN,CHHATTISGARH,CENTRAL,THERMAL,COAL,NTPC Ltd.,KORBA STPS,2600,1444,1629.4
REG2,FEB-2013,WESTERN,CHHATTISGARH,STATE,THERMAL,COAL,CSPGCL,KORBA-II,200,108,101.8
REG2,FEB-2013,WESTERN,CHHATTISGARH,STATE,THERMAL,COAL,CSPGCL,KORBA-III,240,126,56.55
REG2,FEB-2013,WESTERN,CHHATTISGARH,STATE,THERMAL,COAL,CSPGCL,KORBA-WEST TPS,840,614,536.25
REG2,FEB-2013,WESTERN,CHHATTISGARH,STATE,THERMAL,COAL,CSPGCL,MARWA TPS,0,0,0
REG2,FEB-2013,WESTERN,CHHATTISGARH,PRIVATE IPP,THERMAL,COAL,JPL,OP JINDAL TPS,1000,656,667.09
REG2,FEB-2013,WESTERN,CHHATTISGARH,PRIVATE IPP,THERMAL,COAL,LANCO,PATHADI TPP,600,320,225.11
REG2,FEB-2013,WESTERN,CHHATTISGARH,PRIVATE IPP,THERMAL,COAL,SCPL,RATIJA TPS,50,0,9.65
REG2,FEB-2013,WESTERN,CHHATTISGARH,CENTRAL,THERMAL,COAL,NTPC Ltd.,SIPAT STPS,2980,1433,1411.3
REG2,FEB-2013,WESTERN,CHHATTISGARH,PRIVATE IPP,THERMAL,COAL,SVPPL,SVPL TPP,63,20,0
REG2,FEB-2013,WESTERN,CHHATTISGARH,PRIVATE IPP,THERMAL,COAL,VVL,VANDANA VIDYUT TPS,0,34,0
REG2,FEB-2013,WESTERN,CHHATTISGARH,STATE,HYDRO,HYDRO,CSPGCL,HASDEOBANGO  HPS,120,10,18.97
REG2,FEB-2013,WESTERN,GOA,PRIVATE IPP,THERMAL,NAPTHA,RELIANCE,GOA CCPP (Liq.),48,22,16.57
REG2,FEB-2013,WESTERN,GUJARAT,STATE,THERMAL,LIGNITE,GMDCL,AKRIMOTA LIG TPS,250,85,16.61
REG2,FEB-2013,WESTERN,GUJARAT,PRIVATE IPP,THERMAL,GAS,GIPCL,BARODA CCPP,160,54,8.38
REG2,FEB-2013,WESTERN,GUJARAT,STATE,THERMAL,GAS,GSECL,DHUVARAN CCPP,218.62,79,30.69
REG2,FEB-2013,WESTERN,GUJARAT,PRIVATE IPP,THERMAL,GAS,ESSAR,ESSAR CCPP,515,11,160.49
REG2,FEB-2013,WESTERN,GUJARAT,CENTRAL,THERMAL,GAS,NTPC Ltd.,GANDHAR CCPP,657.39,296,182.24
REG2,FEB-2013,WESTERN,GUJARAT,STATE,THERMAL,COAL,GSECL,GANDHI NAGAR TPS,870,446,180.46
REG2,FEB-2013,WESTERN,GUJARAT,PRIVATE IPP,THERMAL,GAS,GIPCL,GIPCL. GT IMP,0,15,15.93
REG2,FEB-2013,WESTERN,GUJARAT,STATE,THERMAL,GAS,GSEGL,HAZIRA CCPP,156.1,51,35.91
REG2,FEB-2013,WESTERN,GUJARAT,STATE,THERMAL,GAS,GSEGL,HAZIRA CCPP EXT,351,30,0
REG2,FEB-2013,WESTERN,GUJARAT,CENTRAL,THERMAL,GAS,NTPC Ltd.,KAWAS CCPP,656.2,275,101.29
REG2,FEB-2013,WESTERN,GUJARAT,STATE,THERMAL,LIGNITE,GSECL,KUTCH LIG. TPS,290,130,133.28
REG2,FEB-2013,WESTERN,GUJARAT,PRIVATE IPP,THERMAL,COAL,APL,MUNDRA TPS,4620,1971,1822.3
REG2,FEB-2013,WESTERN,GUJARAT,PRIVATE IPP,THERMAL,COAL,CGPL,MUNDRA UMTPP,3200,564,1986.16
REG2,FEB-2013,WESTERN,GUJARAT,PRIVATE IPP,THERMAL,GAS,GTE CORP,PEGUTHAN CCPP,655,138,17.21
REG2,FEB-2013,WESTERN,GUJARAT,STATE,THERMAL,GAS,GSECL,PIPAVAV CCPP,0,0,0
REG2,FEB-2013,WESTERN,GUJARAT,PRIVATE,THERMAL,COAL,TOR. POW. (UNOSUGEN),SABARMATI (C STATION),60,32,35.3
REG2,FEB-2013,WESTERN,GUJARAT,PRIVATE,THERMAL,COAL,TOR. POW. (UNOSUGEN),SABARMATI (D-F STATIONS),340,119,147.73
REG2,FEB-2013,WESTERN,GUJARAT,PRIVATE IPP,THERMAL,COAL,EPGL,SALAYA TPP,1200,282,561.27
REG2,FEB-2013,WESTERN,GUJARAT,STATE,THERMAL,COAL,GSECL,SIKKA REP. TPS,240,98,36.59
REG2,FEB-2013,WESTERN,GUJARAT,PRIVATE IPP,THERMAL,GAS,TOR. POW. (SUGEN),SUGEN CCPP,1147.5,375,150.82
REG2,FEB-2013,WESTERN,GUJARAT,PRIVATE IPP,THERMAL,LIGNITE,GIPCL,SURAT LIG. TPS,500,297,272.02
REG2,FEB-2013,WESTERN,GUJARAT,STATE,THERMAL,COAL,GSECL,UKAI TPS,850,567,381.97
REG2,FEB-2013,WESTERN,GUJARAT,PRIVATE IPP,THERMAL,GAS,TOR. POW. (UNOSUGEN),UNOSUGEN CCPP,382.5,0,45.1
REG2,FEB-2013,WESTERN,GUJARAT,STATE,THERMAL,GAS,GSECL,UTRAN CCPP,518,141,23.55
REG2,FEB-2013,WESTERN,GUJARAT,PRIVATE,THERMAL,GAS,TOR. POW. (UNOSUGEN),VATWA CCPP,100,33,0
REG2,FEB-2013,WESTERN,GUJARAT,STATE,THERMAL,COAL,GSECL,WANAKBORI TPS,1470,756,698.9
REG2,FEB-2013,WESTERN,GUJARAT,CENTRAL,NUCLEAR,NUCLEAR,NPC,KAKRAPARA,440,266,297.69
REG2,FEB-2013,WESTERN,GUJARAT,STATE,HYDRO,HYDRO,GSECL,KADANA  HPS,240,13,2.93
REG2,FEB-2013,WESTERN,GUJARAT,STATE,HYDRO,HYDRO,SSNNL,S SAROVAR CHPH  HPS,250,76,51.74
REG2,FEB-2013,WESTERN,GUJARAT,STATE,HYDRO,HYDRO,SSNNL,S SAROVAR RBPH  HPS,1200,66,17.09
REG2,FEB-2013,WESTERN,GUJARAT,STATE,HYDRO,HYDRO,GSECL,UKAI  HPS,300,40,49.62
REG2,FEB-2013,WESTERN,MADHYA PRADESH,STATE,THERMAL,COAL,MPPGCL,AMARKANTAK EXT TPS,450,168,221.03
REG2,FEB-2013,WESTERN,MADHYA PRADESH,PRIVATE IPP,THERMAL,COAL,BPSCL,BINA TPS,250,66,63.45
REG2,FEB-2013,WESTERN,MADHYA PRADESH,PRIVATE IPP,THERMAL,COAL,ESSARPMPL,MAHAN TPP,600,0,23.5
REG2,FEB-2013,WESTERN,MADHYA PRADESH,STATE,THERMAL,COAL,MPPGCL,SANJAY GANDHI TPS,1340,672,714.15
REG2,FEB-2013,WESTERN,MADHYA PRADESH,PRIVATE IPP,THERMAL,COAL,RPL,SASAN UMTPP,0,0,0
REG2,FEB-2013,WESTERN,MADHYA PRADESH,STATE,THERMAL,COAL,MPPGCL,SATPURA TPS,1080,529,420.73
REG2,FEB-2013,WESTERN,MADHYA PRADESH,STATE,THERMAL,COAL,MPPGCL,SHREE SINGAJI TPP,0,0,0
REG2,FEB-2013,WESTERN,MADHYA PRADESH,CENTRAL,THERMAL,COAL,NTPC Ltd.,VINDHYACHAL STPS,3760,2276,2179.86
REG2,FEB-2013,WESTERN,MADHYA PRADESH,STATE,HYDRO,HYDRO,MPPGCL,BANSAGAR TONS-1  HPS,315,26,81.68
REG2,FEB-2013,WESTERN,MADHYA PRADESH,STATE,HYDRO,HYDRO,MPPGCL,BANSAGAR TONS-II  HPS,30,4,6.21
REG2,FEB-2013,WESTERN,MADHYA PRADESH,STATE,HYDRO,HYDRO,MPPGCL,BANSAGAR TONS-III  HPS,60,15,9.12
REG2,FEB-2013,WESTERN,MADHYA PRADESH,STATE,HYDRO,HYDRO,MPPGCL,BARGI  HPS,90,31,20.38
REG2,FEB-2013,WESTERN,MADHYA PRADESH,STATE,HYDRO,HYDRO,MPPGCL,GANDHI SAGAR  HPS,115,14,31.68
REG2,FEB-2013,WESTERN,MADHYA PRADESH,CENTRAL,HYDRO,HYDRO,NHDC,INDIRA SAGAR  HPS,1000,177,120.67
REG2,FEB-2013,WESTERN,MADHYA PRADESH,STATE,HYDRO,HYDRO,MPPGCL,MADHIKHERA  HPS,60,5,10.1
REG2,FEB-2013,WESTERN,MADHYA PRADESH,PRIVATE IPP,HYDRO,HYDRO,SMHPCL,MAHESHWAR HPS,0,0,0
REG2,FEB-2013,WESTERN,MADHYA PRADESH,CENTRAL,HYDRO,HYDRO,NHDC,OMKARESHWAR  HPS,520,91,68.08
REG2,FEB-2013,WESTERN,MADHYA PRADESH,STATE,HYDRO,HYDRO,MPPGCL,PENCH  HPS,160,31,39.5
REG2,FEB-2013,WESTERN,MADHYA PRADESH,STATE,HYDRO,HYDRO,MPPGCL,RAJGHAT  HPS,45,0,3.01
REG2,FEB-2013,WESTERN,MAHARASHTRA,PRIVATE IPP,THERMAL,COAL,IBPL,AMARAVATI TPS,0,0,0
REG2,FEB-2013,WESTERN,MAHARASHTRA,PRIVATE IPP,THERMAL,COAL,IEPL,BELA TPS,0,56,0
REG2,FEB-2013,WESTERN,MAHARASHTRA,STATE,THERMAL,COAL,MAHAGENCO,BHUSAWAL TPS,1420,510,416.47
REG2,FEB-2013,WESTERN,MAHARASHTRA,PRIVATE IPP,THERMAL,COAL,VIP,BUTIBORI TPP,300,0,0
REG2,FEB-2013,WESTERN,MAHARASHTRA,STATE,THERMAL,COAL,MAHAGENCO,CHANDRAPUR(MAHARASHTRA) STPS,2340,1122,1203.32
REG2,FEB-2013,WESTERN,MAHARASHTRA,PRIVATE,THERMAL,COAL,RIL (DAHANU),DAHANU TPS,500,336,342.61
REG2,FEB-2013,WESTERN,MAHARASHTRA,PRIVATE IPP,THERMAL,COAL,DIPL,DHARIWAL TPP,0,0,0
REG2,FEB-2013,WESTERN,MAHARASHTRA,PRIVATE IPP,THERMAL,COAL,EEL,EMCO WARORA TPS,300,79,34.39
REG2,FEB-2013,WESTERN,MAHARASHTRA,PRIVATE IPP,THERMAL,COAL,GEPL,GEPL TPP Ph-I,120,0,72.26
REG2,FEB-2013,WESTERN,MAHARASHTRA,PRIVATE IPP,THERMAL,COAL,JSWEL,JSW RATNAGIRI TPP,1200,463,703.99
REG2,FEB-2013,WESTERN,MAHARASHTRA,STATE,THERMAL,COAL,MAHAGENCO,KHAPARKHEDA TPS,1340,549,642.34
REG2,FEB-2013,WESTERN,MAHARASHTRA,STATE,THERMAL,COAL,MAHAGENCO,KORADI TPS,1040,292,190.38
REG2,FEB-2013,WESTERN,MAHARASHTRA,CENTRAL,THERMAL,COAL,NTPC Ltd.,MAUDA TPS,500,193,1.8
REG2,FEB-2013,WESTERN,MAHARASHTRA,PRIVATE IPP,THERMAL,COAL,AMNEPL,MIHAN TPS,246,92,32.41
REG2,FEB-2013,WESTERN,MAHARASHTRA,PRIVATE IPP,THERMAL,COAL,IBPL,NASIK (P) TPS,0,0,0
REG2,FEB-2013,WESTERN,MAHARASHTRA,STATE,THERMAL,COAL,MAHAGENCO,NASIK TPS,630,343,361.27
REG2,FEB-2013,WESTERN,MAHARASHTRA,STATE,THERMAL,COAL,MAHAGENCO,PARAS TPS,500,261,291.38
REG2,FEB-2013,WESTERN,MAHARASHTRA,STATE,THERMAL,COAL,MAHAGENCO,PARLI TPS,1130,419,177.85
REG2,FEB-2013,WESTERN,MAHARASHTRA,CENTRAL,THERMAL,GAS,RGPPL,RATNAGIRI CCPP I,740,262,0
REG2,FEB-2013,WESTERN,MAHARASHTRA,CENTRAL,THERMAL,GAS,RGPPL,RATNAGIRI CCPP II,740,273,41.01
REG2,FEB-2013,WESTERN,MAHARASHTRA,CENTRAL,THERMAL,GAS,RGPPL,RATNAGIRI CCPP III,740,231,28.53
REG2,FEB-2013,WESTERN,MAHARASHTRA,PRIVATE IPP,THERMAL,COAL,APL,TIRORA TPS,660,346,1.52
REG2,FEB-2013,WESTERN,MAHARASHTRA,PRIVATE,THERMAL,GAS,TATA PCL,TROMBAY CCPP,180,110,128.47
REG2,FEB-2013,WESTERN,MAHARASHTRA,PRIVATE,THERMAL,COAL,TATA PCL,TROMBAY TPS,1400,524,453.24
REG2,FEB-2013,WESTERN,MAHARASHTRA,STATE,THERMAL,GAS,MAHAGENCO,URAN CCPP,672,260,308.02
REG2,FEB-2013,WESTERN,MAHARASHTRA,PRIVATE IPP,THERMAL,COAL,WPCL,WARDHA WARORA TPP,540,283,263.14
REG2,FEB-2013,WESTERN,MAHARASHTRA,CENTRAL,NUCLEAR,NUCLEAR,NPC,TARAPUR,1400,775,741.34
REG2,FEB-2013,WESTERN,MAHARASHTRA,PRIVATE IPP,HYDRO,HYDRO,DLHP,BHANDARDHARA  HPS ST-II,34,5,12.24
REG2,FEB-2013,WESTERN,MAHARASHTRA,PRIVATE,HYDRO,HYDRO,TATA MAH.,BHIRA   HPS,150,50,30.77
REG2,FEB-2013,WESTERN,MAHARASHTRA,PRIVATE,HYDRO,HYDRO,TATA MAH.,BHIRA PSS  HPS,150,0,49.26
REG2,FEB-2013,WESTERN,MAHARASHTRA,STATE,HYDRO,HYDRO,MAHAGENCO,BHIRA TAIL RACE  HPS,80,4,7.86
REG2,FEB-2013,WESTERN,MAHARASHTRA,PRIVATE,HYDRO,HYDRO,TATA MAH.,BHIVPURI  HPS,75,32,32.47
REG2,FEB-2013,WESTERN,MAHARASHTRA,STATE,HYDRO,HYDRO,MAHAGENCO,GHATGHAR  PSS  HPS,250,33,39.74
REG2,FEB-2013,WESTERN,MAHARASHTRA,PRIVATE,HYDRO,HYDRO,TATA MAH.,KHOPOLI  HPS,72,20,20.93
REG2,FEB-2013,WESTERN,MAHARASHTRA,STATE,HYDRO,HYDRO,MAHAGENCO,KOYNA DPH  HPS,36,9,13.46
REG2,FEB-2013,WESTERN,MAHARASHTRA,STATE,HYDRO,HYDRO,MAHAGENCO,KOYNA-I  HPS,280,40,45.68
REG2,FEB-2013,WESTERN,MAHARASHTRA,STATE,HYDRO,HYDRO,MAHAGENCO,KOYNA-II  HPS,320,41,45.69
REG2,FEB-2013,WESTERN,MAHARASHTRA,STATE,HYDRO,HYDRO,MAHAGENCO,KOYNA-III  HPS,320,53,43.23
REG2,FEB-2013,WESTERN,MAHARASHTRA,STATE,HYDRO,HYDRO,MAHAGENCO,KOYNA-IV  HPS,1000,179,110.42
REG2,FEB-2013,WESTERN,MAHARASHTRA,STATE,HYDRO,HYDRO,MAHAGENCO,TILLARI  HPS,60,11,7.69
REG2,FEB-2013,WESTERN,MAHARASHTRA,STATE,HYDRO,HYDRO,MAHAGENCO,VAITARNA  HPS,60,25,20.29
REG3,FEB-2013,SOUTHERN,ANDHRA PRADESH,STATE,THERMAL,COAL,APGENCO,Dr. N.TATA RAO TPS,1760,1071,1079.1
REG3,FEB-2013,SOUTHERN,ANDHRA PRADESH,PRIVATE IPP,THERMAL,GAS,GAUTAMI,GAUTAMI CCPP,464,143,11.75
REG3,FEB-2013,SOUTHERN,ANDHRA PRADESH,PRIVATE IPP,THERMAL,GAS,GMR ENERG,GMR Energy Ltd - Kakinada,220,62,4.6
REG3,FEB-2013,SOUTHERN,ANDHRA PRADESH,PRIVATE IPP,THERMAL,GAS,SPGL,GODAVARI CCPP,208,97,71.85
REG3,FEB-2013,SOUTHERN,ANDHRA PRADESH,PRIVATE IPP,THERMAL,GAS,GVKP&IL,JEGURUPADU CCPP,455.4,176,73.17
REG3,FEB-2013,SOUTHERN,ANDHRA PRADESH,STATE,THERMAL,COAL,APGENCO,KAKATIYA TPS,500,282,324.58
REG3,FEB-2013,SOUTHERN,ANDHRA PRADESH,PRIVATE IPP,THERMAL,GAS,KONA,KONASEEMA CCPP,445,150,9.86
REG3,FEB-2013,SOUTHERN,ANDHRA PRADESH,PRIVATE IPP,THERMAL,GAS,KONDAPALI,KONDAPALLI  EXTN CCPP .,366,115,5.68
REG3,FEB-2013,SOUTHERN,ANDHRA PRADESH,PRIVATE IPP,THERMAL,GAS,KONDAPALI,KONDAPALLI CCPP,350,150,110.59
REG3,FEB-2013,SOUTHERN,ANDHRA PRADESH,STATE,THERMAL,COAL,APGENCO,KOTHAGUDEM TPS,720,406,390.15
REG3,FEB-2013,SOUTHERN,ANDHRA PRADESH,STATE,THERMAL,COAL,APGENCO,KOTHAGUDEM TPS (NEW),1000,492,630.89
REG3,FEB-2013,SOUTHERN,ANDHRA PRADESH,PRIVATE IPP,THERMAL,DIESEL,LVS POWER,LVS POWER DG,36.8,4,0
REG3,FEB-2013,SOUTHERN,ANDHRA PRADESH,PRIVATE IPP,THERMAL,GAS,BSES(P),PEDDAPURAM CCPP,220,107,37.14
REG3,FEB-2013,SOUTHERN,ANDHRA PRADESH,STATE,THERMAL,COAL,APGENCO,RAMAGUNDEM - B TPS,62.5,35,40.25
REG3,FEB-2013,SOUTHERN,ANDHRA PRADESH,CENTRAL,THERMAL,COAL,NTPC Ltd.,RAMAGUNDEM STPS,2600,1627,1688.18
REG3,FEB-2013,SOUTHERN,ANDHRA PRADESH,STATE,THERMAL,COAL,APGENCO,RAYALASEEMA TPS,1050,617,641.62
REG3,FEB-2013,SOUTHERN,ANDHRA PRADESH,CENTRAL,THERMAL,COAL,NTPC Ltd.,SIMHADRI,2000,980,1101.81
REG3,FEB-2013,SOUTHERN,ANDHRA PRADESH,PRIVATE IPP,THERMAL,COAL,SEPL,SIMHAPURI TPS,300,122,161.77
REG3,FEB-2013,SOUTHERN,ANDHRA PRADESH,PRIVATE IPP,THERMAL,COAL,MEL,THAMMINAPATNAM TPS,150,30,56.58
REG3,FEB-2013,SOUTHERN,ANDHRA PRADESH,PRIVATE IPP,THERMAL,GAS,VEMAGIRI,VEMAGIRI CCPP,370,132,15.45
REG3,FEB-2013,SOUTHERN,ANDHRA PRADESH,PRIVATE IPP,THERMAL,GAS,APGCL,VIJESWARAN CCPP,272,0,77.84
REG3,FEB-2013,SOUTHERN,ANDHRA PRADESH,STATE,HYDRO,HYDRO,APGENCO,HAMPI  HPS,36,14,3.02
REG3,FEB-2013,SOUTHERN,ANDHRA PRADESH,STATE,HYDRO,HYDRO,APGENCO,LOWER JURALA HPS,0,2,0
REG3,FEB-2013,SOUTHERN,ANDHRA PRADESH,STATE,HYDRO,HYDRO,APGENCO,LOWER SILERU  HPS,460,102,110.87
REG3,FEB-2013,SOUTHERN,ANDHRA PRADESH,STATE,HYDRO,HYDRO,APGENCO,MACHKUND  HPS,114.75,40,61.73
REG3,FEB-2013,SOUTHERN,ANDHRA PRADESH,STATE,HYDRO,HYDRO,APGENCO,NAGARJUN SGR  HPS,815.6,76,11.46
REG3,FEB-2013,SOUTHERN,ANDHRA PRADESH,STATE,HYDRO,HYDRO,APGENCO,NAGARJUN SGR  LBC  HPS,60,2,0
REG3,FEB-2013,SOUTHERN,ANDHRA PRADESH,STATE,HYDRO,HYDRO,APGENCO,NAGARJUN SGR  TPD,0,0,0
REG3,FEB-2013,SOUTHERN,ANDHRA PRADESH,STATE,HYDRO,HYDRO,APGENCO,NAGARJUN SGR RBC   HPS,90,10,0
REG3,FEB-2013,SOUTHERN,ANDHRA PRADESH,STATE,HYDRO,HYDRO,APGENCO,NAGARJUN SGR RBC EXTN. HPS,0,0,0
REG3,FEB-2013,SOUTHERN,ANDHRA PRADESH,STATE,HYDRO,HYDRO,APGENCO,POCHAMPAD  HPS,27,8,6.49
REG3,FEB-2013,SOUTHERN,ANDHRA PRADESH,STATE,HYDRO,HYDRO,APGENCO,PRIYADARSHNI  JURALA  HPS,234,2,0
REG3,FEB-2013,SOUTHERN,ANDHRA PRADESH,STATE,HYDRO,HYDRO,APGENCO,PULICHINTALA HPS,0,0,0
REG3,FEB-2013,SOUTHERN,ANDHRA PRADESH,STATE,HYDRO,HYDRO,APGENCO,SRISAILAM  HPS,770,104,38.6
REG3,FEB-2013,SOUTHERN,ANDHRA PRADESH,STATE,HYDRO,HYDRO,APGENCO,SRISAILAM LB  HPS,900,155,7.25
REG3,FEB-2013,SOUTHERN,ANDHRA PRADESH,STATE,HYDRO,HYDRO,APGENCO,T B   DAM  HPS,36,0,0.41
REG3,FEB-2013,SOUTHERN,ANDHRA PRADESH,STATE,HYDRO,HYDRO,APGENCO,UPPER SILERU  HPS,240,47,54.83
REG3,FEB-2013,SOUTHERN,KARNATAKA,PRIVATE IPP,THERMAL,DIESEL,TATA PCL,BELGAUM DG,81.3,12,0
REG3,FEB-2013,SOUTHERN,KARNATAKA,PRIVATE IPP,THERMAL,DIESEL,BELLARY,BELLARY DG,25.2,4,0
REG3,FEB-2013,SOUTHERN,KARNATAKA,STATE,THERMAL,COAL,KPCL,BELLARY TPS,1000,469,447.74
REG3,FEB-2013,SOUTHERN,KARNATAKA,STATE,THERMAL,COAL,KPCL,RAICHUR TPS,1720,978,878.6
REG3,FEB-2013,SOUTHERN,KARNATAKA,PRIVATE IPP,THERMAL,COAL,JSWEL,TORANGALLU TPS(SBU-I),260,168,175.75
REG3,FEB-2013,SOUTHERN,KARNATAKA,PRIVATE IPP,THERMAL,COAL,JSWEL,TORANGALLU TPS(SBU-II),600,317,422.98
REG3,FEB-2013,SOUTHERN,KARNATAKA,PRIVATE IPP,THERMAL,COAL,UPCL,UDUPI TPP,1200,542,607.69
REG3,FEB-2013,SOUTHERN,KARNATAKA,STATE,THERMAL,DIESEL,KPCL,YELHANKA (DG),127.92,40,9.63
REG3,FEB-2013,SOUTHERN,KARNATAKA,CENTRAL,NUCLEAR,NUCLEAR,NPC,KAIGA,880,368,450.76
REG3,FEB-2013,SOUTHERN,KARNATAKA,STATE,HYDRO,HYDRO,KPCL,ALMATTI DPH  HPS,290,25,3.85
REG3,FEB-2013,SOUTHERN,KARNATAKA,STATE,HYDRO,HYDRO,KPCL,BHADRA  HPS,39.2,9,6.61
REG3,FEB-2013,SOUTHERN,KARNATAKA,STATE,HYDRO,HYDRO,KPCL,GERUSUPPA  HPS,240,38,41.06
REG3,FEB-2013,SOUTHERN,KARNATAKA,STATE,HYDRO,HYDRO,KPCL,GHAT PRABHA  HPS,32,7,3.36
REG3,FEB-2013,SOUTHERN,KARNATAKA,STATE,HYDRO,HYDRO,KPCL,JOG  HPS,139.2,28,15.43
REG3,FEB-2013,SOUTHERN,KARNATAKA,STATE,HYDRO,HYDRO,KPCL,KADRA  HPS,150,22,16.49
REG3,FEB-2013,SOUTHERN,KARNATAKA,STATE,HYDRO,HYDRO,KPCL,KALINADI  HPS,855,211,200.84
REG3,FEB-2013,SOUTHERN,KARNATAKA,STATE,HYDRO,HYDRO,KPCL,KALINADI SUPA  HPS,100,50,40.45
REG3,FEB-2013,SOUTHERN,KARNATAKA,STATE,HYDRO,HYDRO,KPCL,KODASALI  HPS,120,25,18.34
REG3,FEB-2013,SOUTHERN,KARNATAKA,STATE,HYDRO,HYDRO,KPCL,LIGANAMAKKI  HPS,55,24,22.37
REG3,FEB-2013,SOUTHERN,KARNATAKA,STATE,HYDRO,HYDRO,KPCL,MUNIRABAD  HPS,28,6,2.84
REG3,FEB-2013,SOUTHERN,KARNATAKA,STATE,HYDRO,HYDRO,KPCL,SHARAVATHI  HPS,1035,360,435.43
REG3,FEB-2013,SOUTHERN,KARNATAKA,STATE,HYDRO,HYDRO,KPCL,SIVASAMUNDRUM  HPS,42,17,11.74
REG3,FEB-2013,SOUTHERN,KARNATAKA,STATE,HYDRO,HYDRO,KPCL,VARAHI  HPS,460,81,77.77
REG3,FEB-2013,SOUTHERN,KERALA,STATE,THERMAL,DIESEL,KSEB,BRAMHAPURAM DG,106.6,11,4.31
REG3,FEB-2013,SOUTHERN,KERALA,PRIVATE IPP,THERMAL,NAPTHA,BSES(C),COCHIN CCPP (Liq.),174,4,0
REG3,FEB-2013,SOUTHERN,KERALA,STATE,THERMAL,DIESEL,KSEB,KOZHIKODE DG,128,30,38.93
REG3,FEB-2013,SOUTHERN,KERALA,CENTRAL,THERMAL,NAPTHA,NTPC Ltd.,R. GANDHI CCPP (Liq.),359.58,70,124.44
REG3,FEB-2013,SOUTHERN,KERALA,STATE,HYDRO,HYDRO,KSEB,IDAMALAYAR  HPS.,75,36,14.51
REG3,FEB-2013,SOUTHERN,KERALA,STATE,HYDRO,HYDRO,KSEB,IDUKKI  HPS.,780,280,55.26
REG3,FEB-2013,SOUTHERN,KERALA,STATE,HYDRO,HYDRO,KSEB,KAKKAD  HPS.,50,15,6.97
REG3,FEB-2013,SOUTHERN,KERALA,STATE,HYDRO,HYDRO,KSEB,KUTTIYADI  HPS.,125,49,30.26
REG3,FEB-2013,SOUTHERN,KERALA,STATE,HYDRO,HYDRO,KSEB,KUTTIYADI ADDL. EXTN.,100,0,0
REG3,FEB-2013,SOUTHERN,KERALA,STATE,HYDRO,HYDRO,KSEB,LOWER PERIYAR  HPS.,180,11,3.94
REG3,FEB-2013,SOUTHERN,KERALA,STATE,HYDRO,HYDRO,KSEB,NARIAMANGLAM  HPS,70,9,4.06
REG3,FEB-2013,SOUTHERN,KERALA,STATE,HYDRO,HYDRO,KSEB,PALLIVASAL  HPS.,37.5,17,5.04
REG3,FEB-2013,SOUTHERN,KERALA,STATE,HYDRO,HYDRO,KSEB,PANNIAR  HPS.,30,8,2.34
REG3,FEB-2013,SOUTHERN,KERALA,STATE,HYDRO,HYDRO,KSEB,PORINGALKUTTU  HPS.,32,6,9.57
REG3,FEB-2013,SOUTHERN,KERALA,STATE,HYDRO,HYDRO,KSEB,SABARIGIRI  HPS.,300,89,43.09
REG3,FEB-2013,SOUTHERN,KERALA,STATE,HYDRO,HYDRO,KSEB,SENGULAM  HPS.,48,9,2.1
REG3,FEB-2013,SOUTHERN,KERALA,STATE,HYDRO,HYDRO,KSEB,SHOLAYAR  HPS.,54,25,19.39
REG3,FEB-2013,SOUTHERN,PUDUCHERRY,STATE,THERMAL,GAS,P&ED - PUDUCHERRY,KARAIKAL CCPP,32.5,20,19.66
REG3,FEB-2013,SOUTHERN,TAMIL NADU,PRIVATE IPP,THERMAL,DIESEL,VASAVI,B. BRIDGE D.G,200,75,47.29
REG3,FEB-2013,SOUTHERN,TAMIL NADU,STATE,THERMAL,NAPTHA,TNGDCL,BASIN BRIDGE GT (Liq.),120,3,0
REG3,FEB-2013,SOUTHERN,TAMIL NADU,STATE,THERMAL,COAL,TNGDCL,ENNORE TPS,450,107,69.71
REG3,FEB-2013,SOUTHERN,TAMIL NADU,PRIVATE IPP,THERMAL,GAS,ABAN POWR,KARUPPUR CCPP,119.8,57,65.67
REG3,FEB-2013,SOUTHERN,TAMIL NADU,STATE,THERMAL,GAS,TNGDCL,KOVIKALPAL CCPP,107,48,53.19
REG3,FEB-2013,SOUTHERN,TAMIL NADU,STATE,THERMAL,GAS,TNGDCL,KUTTALAM CCPP,100,10,8.08
REG3,FEB-2013,SOUTHERN,TAMIL NADU,STATE,THERMAL,COAL,TNGDCL,METTUR TPS,1440,540,632.49
REG3,FEB-2013,SOUTHERN,TAMIL NADU,CENTRAL,THERMAL,LIGNITE,NLC,NEYVELI ( EXT) TPS,420,258,286.41
REG3,FEB-2013,SOUTHERN,TAMIL NADU,PRIVATE IPP,THERMAL,LIGNITE,ST-CMSECP,NEYVELI TPS(Z),250,150,116.37
REG3,FEB-2013,SOUTHERN,TAMIL NADU,CENTRAL,THERMAL,LIGNITE,NLC,NEYVELI TPS- I,600,318,374.54
REG3,FEB-2013,SOUTHERN,TAMIL NADU,CENTRAL,THERMAL,LIGNITE,NLC,NEYVELI TPS-II,1470,837,945.86
REG3,FEB-2013,SOUTHERN,TAMIL NADU,CENTRAL,THERMAL,LIGNITE,NLC,NEYVELI TPS-II EXP,250,131,0
REG3,FEB-2013,SOUTHERN,TAMIL NADU,STATE,THERMAL,COAL,TNGDCL,NORTH CHENNAI TPS,630,405,378.75
REG3,FEB-2013,SOUTHERN,TAMIL NADU,PRIVATE IPP,THERMAL,GAS,PPNPGCL,P.NALLUR CCPP,330.5,150,152.98
REG3,FEB-2013,SOUTHERN,TAMIL NADU,PRIVATE IPP,THERMAL,DIESEL,SAMALPATI,SAMALPATTI DG,105.7,25,22.82
REG3,FEB-2013,SOUTHERN,TAMIL NADU,PRIVATE IPP,THERMAL,DIESEL,MADURAI P,SAMAYANALLUR DG,106.001,25,8.21
REG3,FEB-2013,SOUTHERN,TAMIL NADU,PRIVATE IPP,THERMAL,COAL,IBPIL,TUTICORIN (P) TPP,0,0,0
REG3,FEB-2013,SOUTHERN,TAMIL NADU,STATE,THERMAL,COAL,TNGDCL,TUTICORIN TPS,1050,647,701.29
REG3,FEB-2013,SOUTHERN,TAMIL NADU,PRIVATE IPP,THERMAL,GAS,PENNA,VALANTARVY CCPP,52.8,33,31.35
REG3,FEB-2013,SOUTHERN,TAMIL NADU,CENTRAL,THERMAL,COAL,NTECL,VALLUR TPP,500,177,176.91
REG3,FEB-2013,SOUTHERN,TAMIL NADU,STATE,THERMAL,GAS,TNGDCL,VALUTHUR CCPP,186.2,76,110.48
REG3,FEB-2013,SOUTHERN,TAMIL NADU,CENTRAL,NUCLEAR,NUCLEAR,NPC,KUNDAKULLAM,0,463,0
REG3,FEB-2013,SOUTHERN,TAMIL NADU,CENTRAL,NUCLEAR,NUCLEAR,NPC,MADRAS  A.P.S.,440,265,230.79
REG3,FEB-2013,SOUTHERN,TAMIL NADU,STATE,HYDRO,HYDRO,TNGDCL,ALIYAR  HPS.,60,10,1.07
REG3,FEB-2013,SOUTHERN,TAMIL NADU,STATE,HYDRO,HYDRO,TNGDCL,BHAWANI BARRAGE III HPS,15,0,0
REG3,FEB-2013,SOUTHERN,TAMIL NADU,STATE,HYDRO,HYDRO,TNGDCL,BHAWANI BARRAGE-II HPS,0,0,0
REG3,FEB-2013,SOUTHERN,TAMIL NADU,STATE,HYDRO,HYDRO,TNGDCL,BHAWANI KATTAL,30,0,0
REG3,FEB-2013,SOUTHERN,TAMIL NADU,STATE,HYDRO,HYDRO,TNGDCL,KADAMPARI  HPS.,400,32,6.64
REG3,FEB-2013,SOUTHERN,TAMIL NADU,STATE,HYDRO,HYDRO,TNGDCL,KODAYAR  HPS.,100,25,0.67
REG3,FEB-2013,SOUTHERN,TAMIL NADU,STATE,HYDRO,HYDRO,TNGDCL,KUNDAH  HPS.,555,127,107.92
REG3,FEB-2013,SOUTHERN,TAMIL NADU,STATE,HYDRO,HYDRO,TNGDCL,LOWER METTUR  HPS.,120,7,4.06
REG3,FEB-2013,SOUTHERN,TAMIL NADU,STATE,HYDRO,HYDRO,TNGDCL,METTUR DAM  HPS.,50,1,1.95
REG3,FEB-2013,SOUTHERN,TAMIL NADU,STATE,HYDRO,HYDRO,TNGDCL,METTUR TUNNEL  HPS.,200,8,0
REG3,FEB-2013,SOUTHERN,TAMIL NADU,STATE,HYDRO,HYDRO,TNGDCL,MOYAR  HPS,36,6,10.75
REG3,FEB-2013,SOUTHERN,TAMIL NADU,STATE,HYDRO,HYDRO,TNGDCL,PAPANASAM  HPS.,32,11,5.37
REG3,FEB-2013,SOUTHERN,TAMIL NADU,STATE,HYDRO,HYDRO,TNGDCL,PARSON`S VALLEY  HPS.,30,3,4.17
REG3,FEB-2013,SOUTHERN,TAMIL NADU,STATE,HYDRO,HYDRO,TNGDCL,PERIYAR  HPS.,140,25,0
REG3,FEB-2013,SOUTHERN,TAMIL NADU,STATE,HYDRO,HYDRO,TNGDCL,PYKARA  HPS.,59.2,3,3.55
REG3,FEB-2013,SOUTHERN,TAMIL NADU,STATE,HYDRO,HYDRO,TNGDCL,PYKARA ULTMATE  HPS.,150,24,28.95
REG3,FEB-2013,SOUTHERN,TAMIL NADU,STATE,HYDRO,HYDRO,TNGDCL,SARKARPATHY  HPS.,30,12,3.26
REG3,FEB-2013,SOUTHERN,TAMIL NADU,STATE,HYDRO,HYDRO,TNGDCL,SHOLAYAR  HPS.,95,10,13.31
REG3,FEB-2013,SOUTHERN,TAMIL NADU,STATE,HYDRO,HYDRO,TNGDCL,SURULIYAR  HPS.,35,5,3.67
REG4,FEB-2013,EASTERN,ANDAMAN NICOBAR,STATE,THERMAL,DIESEL,A&N ADM,AND. NICOBAR DG,40.05,7,12.3
REG4,FEB-2013,EASTERN,BIHAR,STATE,THERMAL,COAL,BSEB,BARAUNI TPS,210,40,0
REG4,FEB-2013,EASTERN,BIHAR,CENTRAL,THERMAL,COAL,NTPC Ltd.,BARH II,0,0,0
REG4,FEB-2013,EASTERN,BIHAR,CENTRAL,THERMAL,COAL,NTPC Ltd.,KAHALGAON TPS,2340,1080,1181.71
REG4,FEB-2013,EASTERN,BIHAR,CENTRAL,THERMAL,COAL,K.B.U.N.L,MUZAFFARPUR TPS,220,49,0
REG4,FEB-2013,EASTERN,JHARKHAND,CENTRAL,THERMAL,COAL,DVC,BOKARO `B` TPS,630,291,231.57
REG4,FEB-2013,EASTERN,JHARKHAND,CENTRAL,THERMAL,COAL,DVC,CHANDRAPURA(DVC) TPS,890,413,464.37
REG4,FEB-2013,EASTERN,JHARKHAND,PRIVATE IPP,THERMAL,COAL,TATA PCL,JOJOBERA TPS,360,147,150.88
REG4,FEB-2013,EASTERN,JHARKHAND,CENTRAL,THERMAL,COAL,DVC,KODARMA TPP,500,126,2.61
REG4,FEB-2013,EASTERN,JHARKHAND,PRIVATE IPP,THERMAL,COAL,ADHUNIK,MAHADEV PRASAD STPP,270,0,93.12
REG4,FEB-2013,EASTERN,JHARKHAND,CENTRAL,THERMAL,NAPTHA,DVC,MAITHON GT (Liq.),90,0,0
REG4,FEB-2013,EASTERN,JHARKHAND,PRIVATE IPP,THERMAL,COAL,MPL,MAITHON RB TPP,1050,376,452.79
REG4,FEB-2013,EASTERN,JHARKHAND,PRIVATE IPP,THERMAL,COAL,CPL,MAITRISHI USHA TPS,0,56,0
REG4,FEB-2013,EASTERN,JHARKHAND,STATE,THERMAL,COAL,JSEB,PATRATU TPS,770,68,78.77
REG4,FEB-2013,EASTERN,JHARKHAND,STATE,THERMAL,COAL,TVNL,TENUGHAT TPS,420,230,254.59
REG4,FEB-2013,EASTERN,JHARKHAND,CENTRAL,HYDRO,HYDRO,DVC,MAITHON  HPS.,63.2,3,5.45
REG4,FEB-2013,EASTERN,JHARKHAND,CENTRAL,HYDRO,HYDRO,DVC,PANCHET  HPS.,80,1,0
REG4,FEB-2013,EASTERN,JHARKHAND,STATE,HYDRO,HYDRO,JSEB,SUBERNREKHA  HPS.,130,5,2.68
REG4,FEB-2013,EASTERN,ORISSA,PRIVATE IPP,THERMAL,COAL,JPL,DERANG TPP,0,0,0
REG4,FEB-2013,EASTERN,ORISSA,STATE,THERMAL,COAL,OPGC,IB VALLEY TPS,420,249,258.31
REG4,FEB-2013,EASTERN,ORISSA,PRIVATE IPP,THERMAL,COAL,ICCL,ICCL IMP,0,16,15.25
REG4,FEB-2013,EASTERN,ORISSA,PRIVATE IPP,THERMAL,COAL,IBPIL,IND BARATH TPP,0,0,0
REG4,FEB-2013,EASTERN,ORISSA,PRIVATE IPP,THERMAL,COAL,GMR ENERG,KAMALANGA TPS,0,82,0
REG4,FEB-2013,EASTERN,ORISSA,PRIVATE IPP,THERMAL,COAL,NALCO,NALCO IMP,0,6,23.07
REG4,FEB-2013,EASTERN,ORISSA,PRIVATE IPP,THERMAL,COAL,SEL,STERLITE TPP,2400,650,694.71
REG4,FEB-2013,EASTERN,ORISSA,CENTRAL,THERMAL,COAL,NTPC Ltd.,TALCHER (OLD) TPS,470,276,308.84
REG4,FEB-2013,EASTERN,ORISSA,CENTRAL,THERMAL,COAL,NTPC Ltd.,TALCHER STPS,3000,1896,1810.69
REG4,FEB-2013,EASTERN,ORISSA,STATE,HYDRO,HYDRO,OHPC,BALIMELA  HPS.,510,98,62.02
REG4,FEB-2013,EASTERN,ORISSA,STATE,HYDRO,HYDRO,OHPC,HIRAKUD HPS,347.5,32,46.87
REG4,FEB-2013,EASTERN,ORISSA,STATE,HYDRO,HYDRO,OHPC,RENGALI  HPS.,250,20,17.89
REG4,FEB-2013,EASTERN,ORISSA,STATE,HYDRO,HYDRO,OHPC,UPPER  INDRAVATI  HPS.,600,208,144.64
REG4,FEB-2013,EASTERN,ORISSA,STATE,HYDRO,HYDRO,OHPC,UPPER KOLAB  HPS.,320,53,59.58
REG4,FEB-2013,EASTERN,SIKKIM,PRIVATE IPP,HYDRO,HYDRO,GIL,CHUZACHEN HPS,0,0,0
REG4,FEB-2013,EASTERN,SIKKIM,CENTRAL,HYDRO,HYDRO,NHPC,RANGIT HPS,60,12,11.7
REG4,FEB-2013,EASTERN,SIKKIM,CENTRAL,HYDRO,HYDRO,NHPC,TEESTA V HPS,510,63,47.1
REG4,FEB-2013,EASTERN,WEST BENGAL,STATE,THERMAL,COAL,WBPDC,BAKRESWAR TPS,1050,605,643.27
REG4,FEB-2013,EASTERN,WEST BENGAL,STATE,THERMAL,COAL,WBPDC,BANDEL TPS,450,147,139.94
REG4,FEB-2013,EASTERN,WEST BENGAL,PRIVATE,THERMAL,COAL,CESC,BUDGE BUDGE TPS,750,385,322.77
REG4,FEB-2013,EASTERN,WEST BENGAL,PRIVATE IPP,THERMAL,COAL,DPSCLTD,CHINAKURI TPS,30,0,0
REG4,FEB-2013,EASTERN,WEST BENGAL,STATE,THERMAL,COAL,DPL,D.P.L. TPS,630,266,175.84
REG4,FEB-2013,EASTERN,WEST BENGAL,CENTRAL,THERMAL,COAL,DVC,DURGAPUR STEEL TPS,1000,209,317.91
REG4,FEB-2013,EASTERN,WEST BENGAL,CENTRAL,THERMAL,COAL,DVC,DURGAPUR TPS,340,172,194.27
REG4,FEB-2013,EASTERN,WEST BENGAL,CENTRAL,THERMAL,COAL,NTPC Ltd.,FARAKKA STPS,2100,1154,997.22
REG4,FEB-2013,EASTERN,WEST BENGAL,STATE,THERMAL,HIGH SPEED DIESEL,WBPDC,HALDIA GT (Liq.),40,0,0
REG4,FEB-2013,EASTERN,WEST BENGAL,STATE,THERMAL,HIGH SPEED DIESEL,WBPDC,KASBA GT (Liq.),40,0,0
REG4,FEB-2013,EASTERN,WEST BENGAL,STATE,THERMAL,COAL,WBPDC,KOLAGHAT TPS,1260,595,622.65
REG4,FEB-2013,EASTERN,WEST BENGAL,CENTRAL,THERMAL,COAL,DVC,MEJIA TPS,2340,1077,960.81
REG4,FEB-2013,EASTERN,WEST BENGAL,PRIVATE,THERMAL,COAL,CESC,NEW COSSIPORE TPS,160,15,13.14
REG4,FEB-2013,EASTERN,WEST BENGAL,CENTRAL,THERMAL,COAL,DVC,RAGHUNATHPUR TPP,0,0,0
REG4,FEB-2013,EASTERN,WEST BENGAL,STATE,THERMAL,COAL,WBPDC,SAGARDIGHI TPS,600,318,271.37
REG4,FEB-2013,EASTERN,WEST BENGAL,STATE,THERMAL,COAL,WBPDC,SANTALDIH TPS,980,298,198.59
REG4,FEB-2013,EASTERN,WEST BENGAL,PRIVATE,THERMAL,COAL,CESC,SOUTHERN REPL. TPS,135,70,77.04
REG4,FEB-2013,EASTERN,WEST BENGAL,PRIVATE,THERMAL,COAL,CESC,TITAGARH TPS,240,120,103.14
REG4,FEB-2013,EASTERN,WEST BENGAL,STATE,HYDRO,HYDRO,WBSEDCL,JALDHAKA  HPS ST-I,27,7,2.96
REG4,FEB-2013,EASTERN,WEST BENGAL,STATE,HYDRO,HYDRO,WBSEDCL,PURULIA PSS  HPS.,900,53,33.54
REG4,FEB-2013,EASTERN,WEST BENGAL,STATE,HYDRO,HYDRO,WBSEDCL,RAMMAM  HPS.,50,7,8.47
REG4,FEB-2013,EASTERN,WEST BENGAL,CENTRAL,HYDRO,HYDRO,NHPC,TEESTA LOW DAM-III HPS,66,17,0
REG4,FEB-2013,EASTERN,WEST BENGAL,CENTRAL,HYDRO,HYDRO,NHPC,TEESTA LOW DAM-IV HPS,0,0,0
REG4,FEB-2013,EASTERN,WEST BENGAL,PRIVATE IPP,HYDRO,HYDRO,SUL,TEESTA-III HPS,0,0,0
REG5,FEB-2013,NORTH EASTERN,ARUNACHAL PRADESH,CENTRAL,HYDRO,HYDRO,NEEPCO.,RANGANADI  HPS.,405,42,30.66
REG5,FEB-2013,NORTH EASTERN,ASSAM,STATE,THERMAL,MULTI FUEL,APGPCL,CHANDRAPUR(ASSAM) TPS,60,0,0
REG5,FEB-2013,NORTH EASTERN,ASSAM,CENTRAL,THERMAL,GAS,NEEPCO.,KATHALGURI CCPP,291,141,135.19
REG5,FEB-2013,NORTH EASTERN,ASSAM,STATE,THERMAL,GAS,APGPCL,LAKWA GT,157.2,63,75.48
REG5,FEB-2013,NORTH EASTERN,ASSAM,STATE,THERMAL,GAS,APGPCL,NAMRUP CCPP,95,40,38.38
REG5,FEB-2013,NORTH EASTERN,ASSAM,STATE,THERMAL,GAS,APGPCL,NAMRUP ST,24,6,6.18
REG5,FEB-2013,NORTH EASTERN,ASSAM,STATE,HYDRO,HYDRO,APGPCL,KARBI LANGPI  HPS.,100,11,10.86
REG5,FEB-2013,NORTH EASTERN,ASSAM,CENTRAL,HYDRO,HYDRO,NEEPCO.,KOPILI  HPS.,225,47,36.46
REG5,FEB-2013,NORTH EASTERN,MANIPUR,STATE,THERMAL,DIESEL,ED - MANIPUR,LEIMAKHONG DG,36,0,0
REG5,FEB-2013,NORTH EASTERN,MANIPUR,CENTRAL,HYDRO,HYDRO,NHPC,LOKTAK  HPS.,105,28,26.3
REG5,FEB-2013,NORTH EASTERN,MEGHALAYA,CENTRAL,HYDRO,HYDRO,NEEPCO.,KHONDONG  HPS.,50,3,2.79
REG5,FEB-2013,NORTH EASTERN,MEGHALAYA,STATE,HYDRO,HYDRO,MeECL,KYRDEMKULAI  HPS.,60,6,7.91
REG5,FEB-2013,NORTH EASTERN,MEGHALAYA,STATE,HYDRO,HYDRO,MeECL,MYNTDU(LESHKA) St-1 HPS,84,4,5.03
REG5,FEB-2013,NORTH EASTERN,MEGHALAYA,STATE,HYDRO,HYDRO,MeECL,UMIAM  HPS ST-I,36,7,6.48
REG5,FEB-2013,NORTH EASTERN,MEGHALAYA,STATE,HYDRO,HYDRO,MeECL,UMIAM HPS ST-IV,60,9,8.36
REG5,FEB-2013,NORTH EASTERN,NAGALAND,CENTRAL,HYDRO,HYDRO,NEEPCO.,DOYANG  HPS.,75,6,5.08
REG5,FEB-2013,NORTH EASTERN,TRIPURA,CENTRAL,THERMAL,GAS,NEEPCO.,AGARTALA GT,84,55,50.09
REG5,FEB-2013,NORTH EASTERN,TRIPURA,STATE,THERMAL,GAS,TSECL,BARAMURA GT,58.5,27,27.75
REG5,FEB-2013,NORTH EASTERN,TRIPURA,STATE,THERMAL,GAS,TSECL,ROKHIA GT,90,33,36.09
